cluster,/home/cuian/projects/dcuz/cluster.c,101,0x1721
cluster,/home/cuian/projects/dcuz/cluster.c,101,0x1728
cluster,/home/cuian/projects/dcuz/cluster.c,101,0x1753
cluster,/home/cuian/projects/dcuz/cluster.c,101,0x1757
cluster,/home/cuian/projects/dcuz/cluster.c,102,0x172a
cluster,/home/cuian/projects/dcuz/cluster.c,103,0x1749
cluster,/home/cuian/projects/dcuz/cluster.c,107,0x175d
cluster,/home/cuian/projects/dcuz/cluster.c,109,0x1771
cluster,/home/cuian/projects/dcuz/cluster.c,112,0x1782
cluster,/home/cuian/projects/dcuz/cluster.c,112,0x1789
cluster,/home/cuian/projects/dcuz/cluster.c,112,0x179e
cluster,/home/cuian/projects/dcuz/cluster.c,112,0x17a2
cluster,/home/cuian/projects/dcuz/cluster.c,113,0x178b
cluster,/home/cuian/projects/dcuz/cluster.c,116,0x17a8
cluster,/home/cuian/projects/dcuz/cluster.c,117,0x17b0
cluster,/home/cuian/projects/dcuz/cluster.c,117,0x17b4
cluster,/home/cuian/projects/dcuz/cluster.c,117,0x17b8
cluster,/home/cuian/projects/dcuz/cluster.c,117,0x17bb
cluster,/home/cuian/projects/dcuz/cluster.c,117,0x17c0
cluster,/home/cuian/projects/dcuz/cluster.c,117,0x17c4
cluster,/home/cuian/projects/dcuz/cluster.c,117,0x17c7
cluster,/home/cuian/projects/dcuz/cluster.c,117,0x17cb
cluster,/home/cuian/projects/dcuz/cluster.c,119,0x17d2
cluster,/home/cuian/projects/dcuz/cluster.c,120,0x17ed
cluster,/home/cuian/projects/dcuz/cluster.c,121,0x17f2
cluster,/home/cuian/projects/dcuz/cluster.c,16,0x13a9
cluster,/home/cuian/projects/dcuz/cluster.c,17,0x13c4
cluster,/home/cuian/projects/dcuz/cluster.c,19,0x13d3
cluster,/home/cuian/projects/dcuz/cluster.c,20,0x13d9
cluster,/home/cuian/projects/dcuz/cluster.c,22,0x13e5
cluster,/home/cuian/projects/dcuz/cluster.c,23,0x13e8
cluster,/home/cuian/projects/dcuz/cluster.c,26,0x13ea
cluster,/home/cuian/projects/dcuz/cluster.c,27,0x13fa
cluster,/home/cuian/projects/dcuz/cluster.c,28,0x1417
cluster,/home/cuian/projects/dcuz/cluster.c,31,0x1419
cluster,/home/cuian/projects/dcuz/cluster.c,31,0x142f
cluster,/home/cuian/projects/dcuz/cluster.c,34,0x143e
cluster,/home/cuian/projects/dcuz/cluster.c,36,0x145d
cluster,/home/cuian/projects/dcuz/cluster.c,37,0x1466
cluster,/home/cuian/projects/dcuz/cluster.c,38,0x147b
cluster,/home/cuian/projects/dcuz/cluster.c,39,0x1484
cluster,/home/cuian/projects/dcuz/cluster.c,40,0x14a8
cluster,/home/cuian/projects/dcuz/cluster.c,42,0x14b2
cluster,/home/cuian/projects/dcuz/cluster.c,42,0x14bb
cluster,/home/cuian/projects/dcuz/cluster.c,42,0x14c2
cluster,/home/cuian/projects/dcuz/cluster.c,43,0x14c7
cluster,/home/cuian/projects/dcuz/cluster.c,43,0x14cc
cluster,/home/cuian/projects/dcuz/cluster.c,44,0x14f6
cluster,/home/cuian/projects/dcuz/cluster.c,48,0x14fd
cluster,/home/cuian/projects/dcuz/cluster.c,49,0x1517
cluster,/home/cuian/projects/dcuz/cluster.c,50,0x1520
cluster,/home/cuian/projects/dcuz/cluster.c,50,0x1525
cluster,/home/cuian/projects/dcuz/cluster.c,51,0x154f
cluster,/home/cuian/projects/dcuz/cluster.c,54,0x1556
cluster,/home/cuian/projects/dcuz/cluster.c,55,0x155b
cluster,/home/cuian/projects/dcuz/cluster.c,57,0x1571
cluster,/home/cuian/projects/dcuz/cluster.c,57,0x1588
cluster,/home/cuian/projects/dcuz/cluster.c,58,0x1597
cluster,/home/cuian/projects/dcuz/cluster.c,58,0x159e
cluster,/home/cuian/projects/dcuz/cluster.c,59,0x15a4
cluster,/home/cuian/projects/dcuz/cluster.c,59,0x15aa
cluster,/home/cuian/projects/dcuz/cluster.c,60,0x15b2
cluster,/home/cuian/projects/dcuz/cluster.c,60,0x15be
cluster,/home/cuian/projects/dcuz/cluster.c,61,0x15ce
cluster,/home/cuian/projects/dcuz/cluster.c,62,0x15dc
cluster,/home/cuian/projects/dcuz/cluster.c,63,0x15ff
cluster,/home/cuian/projects/dcuz/cluster.c,65,0x1607
cluster,/home/cuian/projects/dcuz/cluster.c,66,0x1629
cluster,/home/cuian/projects/dcuz/cluster.c,67,0x1638
cluster,/home/cuian/projects/dcuz/cluster.c,68,0x163e
cluster,/home/cuian/projects/dcuz/cluster.c,70,0x1643
cluster,/home/cuian/projects/dcuz/cluster.c,71,0x1664
cluster,/home/cuian/projects/dcuz/cluster.c,73,0x167e
cluster,/home/cuian/projects/dcuz/cluster.c,76,0x1695
cluster,/home/cuian/projects/dcuz/cluster.c,76,0x16a8
cluster,/home/cuian/projects/dcuz/cluster.c,77,0x16b7
cluster,/home/cuian/projects/dcuz/cluster.c,82,0x16c2
cluster,/home/cuian/projects/dcuz/cluster.c,83,0x16c8
cluster,/home/cuian/projects/dcuz/cluster.c,84,0x16d7
cluster,/home/cuian/projects/dcuz/cluster.c,87,0x16e1
cluster,/home/cuian/projects/dcuz/cluster.c,88,0x16e7
cluster,/home/cuian/projects/dcuz/cluster.c,92,0x16f3
cluster,/home/cuian/projects/dcuz/cluster.c,93,0x1702
cluster,/home/cuian/projects/dcuz/cluster.c,94,0x1708
cluster,/home/cuian/projects/dcuz/cluster.c,98,0x1710
