server,/home/cuian/projects/dcuz/server.c,124,0x28b5
server,/home/cuian/projects/dcuz/server.c,125,0x28c5
server,/home/cuian/projects/dcuz/server.c,126,0x28d0
server,/home/cuian/projects/dcuz/server.c,127,0x28e2
server,/home/cuian/projects/dcuz/server.c,128,0x28f4
server,/home/cuian/projects/dcuz/server.c,129,0x2906
server,/home/cuian/projects/dcuz/server.c,129,0x2911
server,/home/cuian/projects/dcuz/server.c,130,0x2916
server,/home/cuian/projects/dcuz/server.c,130,0x2921
server,/home/cuian/projects/dcuz/server.c,132,0x292a
server,/home/cuian/projects/dcuz/server.c,135,0x292d
server,/home/cuian/projects/dcuz/server.c,135,0x293d
server,/home/cuian/projects/dcuz/server.c,136,0x294c
server,/home/cuian/projects/dcuz/server.c,139,0x2957
server,/home/cuian/projects/dcuz/server.c,140,0x2975
server,/home/cuian/projects/dcuz/server.c,141,0x2991
server,/home/cuian/projects/dcuz/server.c,146,0x29a8
server,/home/cuian/projects/dcuz/server.c,147,0x29b8
server,/home/cuian/projects/dcuz/server.c,148,0x29c3
server,/home/cuian/projects/dcuz/server.c,148,0x29ce
server,/home/cuian/projects/dcuz/server.c,158,0x29d3
server,/home/cuian/projects/dcuz/server.c,160,0x29ef
server,/home/cuian/projects/dcuz/server.c,167,0x29f2
server,/home/cuian/projects/dcuz/server.c,167,0x2a1c
server,/home/cuian/projects/dcuz/server.c,173,0x2a2b
server,/home/cuian/projects/dcuz/server.c,176,0x2a44
server,/home/cuian/projects/dcuz/server.c,177,0x2a55
server,/home/cuian/projects/dcuz/server.c,177,0x2a59
server,/home/cuian/projects/dcuz/server.c,177,0x2a5b
server,/home/cuian/projects/dcuz/server.c,177,0x2a5f
server,/home/cuian/projects/dcuz/server.c,177,0x2a61
server,/home/cuian/projects/dcuz/server.c,179,0x2a68
server,/home/cuian/projects/dcuz/server.c,182,0x2a7a
server,/home/cuian/projects/dcuz/server.c,182,0x2a85
server,/home/cuian/projects/dcuz/server.c,182,0x2a90
server,/home/cuian/projects/dcuz/server.c,183,0x2a9e
server,/home/cuian/projects/dcuz/server.c,184,0x2aa4
server,/home/cuian/projects/dcuz/server.c,185,0x2ad4
server,/home/cuian/projects/dcuz/server.c,187,0x2ad9
server,/home/cuian/projects/dcuz/server.c,190,0x2aeb
server,/home/cuian/projects/dcuz/server.c,191,0x2afc
server,/home/cuian/projects/dcuz/server.c,192,0x2b0e
server,/home/cuian/projects/dcuz/server.c,193,0x2b35
server,/home/cuian/projects/dcuz/server.c,194,0x2e98
server,/home/cuian/projects/dcuz/server.c,198,0x2b3f
server,/home/cuian/projects/dcuz/server.c,199,0x2b78
server,/home/cuian/projects/dcuz/server.c,200,0x2b7e
server,/home/cuian/projects/dcuz/server.c,201,0x2baf
server,/home/cuian/projects/dcuz/server.c,205,0x2bb4
server,/home/cuian/projects/dcuz/server.c,206,0x2bcc
server,/home/cuian/projects/dcuz/server.c,207,0x2bd2
server,/home/cuian/projects/dcuz/server.c,208,0x2c02
server,/home/cuian/projects/dcuz/server.c,212,0x2c07
server,/home/cuian/projects/dcuz/server.c,215,0x2c1a
server,/home/cuian/projects/dcuz/server.c,215,0x2c28
server,/home/cuian/projects/dcuz/server.c,217,0x2c47
server,/home/cuian/projects/dcuz/server.c,220,0x2c61
server,/home/cuian/projects/dcuz/server.c,220,0x2c6f
server,/home/cuian/projects/dcuz/server.c,221,0x2caa
server,/home/cuian/projects/dcuz/server.c,222,0x2cb0
server,/home/cuian/projects/dcuz/server.c,223,0x2ceb
server,/home/cuian/projects/dcuz/server.c,225,0x2cf0
server,/home/cuian/projects/dcuz/server.c,228,0x2d05
server,/home/cuian/projects/dcuz/server.c,229,0x2d11
server,/home/cuian/projects/dcuz/server.c,229,0x2d18
server,/home/cuian/projects/dcuz/server.c,229,0x2d9a
server,/home/cuian/projects/dcuz/server.c,229,0x2d9e
server,/home/cuian/projects/dcuz/server.c,231,0x2d1d
server,/home/cuian/projects/dcuz/server.c,232,0x2d26
server,/home/cuian/projects/dcuz/server.c,233,0x2d44
server,/home/cuian/projects/dcuz/server.c,235,0x2d5f
server,/home/cuian/projects/dcuz/server.c,236,0x2d65
server,/home/cuian/projects/dcuz/server.c,240,0x2da8
server,/home/cuian/projects/dcuz/server.c,241,0x2dc8
server,/home/cuian/projects/dcuz/server.c,241,0x2dce
server,/home/cuian/projects/dcuz/server.c,242,0x2e4a
server,/home/cuian/projects/dcuz/server.c,244,0x2dd4
server,/home/cuian/projects/dcuz/server.c,246,0x2de0
server,/home/cuian/projects/dcuz/server.c,247,0x2dfa
server,/home/cuian/projects/dcuz/server.c,248,0x2e14
server,/home/cuian/projects/dcuz/server.c,250,0x2e2e
server,/home/cuian/projects/dcuz/server.c,252,0x2e43
server,/home/cuian/projects/dcuz/server.c,255,0x2e4b
server,/home/cuian/projects/dcuz/server.c,257,0x2e57
server,/home/cuian/projects/dcuz/server.c,259,0x2e6c
server,/home/cuian/projects/dcuz/server.c,261,0x2e81
server,/home/cuian/projects/dcuz/server.c,263,0x2e99
server,/home/cuian/projects/dcuz/server.c,264,0x2e9c
server,/home/cuian/projects/dcuz/server.c,269,0x2eb2
server,/home/cuian/projects/dcuz/server.c,270,0x2ec9
server,/home/cuian/projects/dcuz/server.c,272,0x2ed4
server,/home/cuian/projects/dcuz/server.c,273,0x2ee0
server,/home/cuian/projects/dcuz/server.c,274,0x2ee6
server,/home/cuian/projects/dcuz/server.c,275,0x2eec
server,/home/cuian/projects/dcuz/server.c,278,0x2f29
server,/home/cuian/projects/dcuz/server.c,284,0x2f2a
server,/home/cuian/projects/dcuz/server.c,288,0x2f2c
server,/home/cuian/projects/dcuz/server.c,288,0x2f3c
server,/home/cuian/projects/dcuz/server.c,289,0x2f4b
server,/home/cuian/projects/dcuz/server.c,294,0x2f56
server,/home/cuian/projects/dcuz/server.c,296,0x2f65
server,/home/cuian/projects/dcuz/server.c,296,0x2f6d
server,/home/cuian/projects/dcuz/server.c,297,0x2f71
server,/home/cuian/projects/dcuz/server.c,298,0x2f91
server,/home/cuian/projects/dcuz/server.c,301,0x2f9b
server,/home/cuian/projects/dcuz/server.c,301,0x2fa6
server,/home/cuian/projects/dcuz/server.c,302,0x30aa
server,/home/cuian/projects/dcuz/server.c,305,0x2fb0
server,/home/cuian/projects/dcuz/server.c,306,0x2fb8
server,/home/cuian/projects/dcuz/server.c,306,0x2fc4
server,/home/cuian/projects/dcuz/server.c,307,0x2fc8
server,/home/cuian/projects/dcuz/server.c,307,0x2fcc
server,/home/cuian/projects/dcuz/server.c,308,0x2fd1
server,/home/cuian/projects/dcuz/server.c,309,0x2ff1
server,/home/cuian/projects/dcuz/server.c,31,0x2669
server,/home/cuian/projects/dcuz/server.c,312,0x2ff6
server,/home/cuian/projects/dcuz/server.c,312,0x2ffa
server,/home/cuian/projects/dcuz/server.c,314,0x3001
server,/home/cuian/projects/dcuz/server.c,315,0x300f
server,/home/cuian/projects/dcuz/server.c,316,0x3016
server,/home/cuian/projects/dcuz/server.c,317,0x3036
server,/home/cuian/projects/dcuz/server.c,319,0x3038
server,/home/cuian/projects/dcuz/server.c,32,0x267d
server,/home/cuian/projects/dcuz/server.c,321,0x3043
server,/home/cuian/projects/dcuz/server.c,322,0x306d
server,/home/cuian/projects/dcuz/server.c,323,0x3073
server,/home/cuian/projects/dcuz/server.c,324,0x30a8
server,/home/cuian/projects/dcuz/server.c,326,0x30ab
server,/home/cuian/projects/dcuz/server.c,33,0x2689
server,/home/cuian/projects/dcuz/server.c,33,0x2691
server,/home/cuian/projects/dcuz/server.c,330,0x30c1
server,/home/cuian/projects/dcuz/server.c,335,0x30d1
server,/home/cuian/projects/dcuz/server.c,336,0x30e6
server,/home/cuian/projects/dcuz/server.c,337,0x30ec
server,/home/cuian/projects/dcuz/server.c,338,0x3121
server,/home/cuian/projects/dcuz/server.c,34,0x2697
server,/home/cuian/projects/dcuz/server.c,340,0x3123
server,/home/cuian/projects/dcuz/server.c,340,0x312b
server,/home/cuian/projects/dcuz/server.c,341,0x3147
server,/home/cuian/projects/dcuz/server.c,342,0x314d
server,/home/cuian/projects/dcuz/server.c,343,0x317a
server,/home/cuian/projects/dcuz/server.c,346,0x317c
server,/home/cuian/projects/dcuz/server.c,349,0x3183
server,/home/cuian/projects/dcuz/server.c,350,0x3186
server,/home/cuian/projects/dcuz/server.c,354,0x3188
server,/home/cuian/projects/dcuz/server.c,355,0x319c
server,/home/cuian/projects/dcuz/server.c,36,0x269e
server,/home/cuian/projects/dcuz/server.c,36,0x26a5
server,/home/cuian/projects/dcuz/server.c,36,0x26ac
server,/home/cuian/projects/dcuz/server.c,36,0x26af
server,/home/cuian/projects/dcuz/server.c,361,0x31ab
server,/home/cuian/projects/dcuz/server.c,361,0x31b3
server,/home/cuian/projects/dcuz/server.c,363,0x31b8
server,/home/cuian/projects/dcuz/server.c,363,0x31c0
server,/home/cuian/projects/dcuz/server.c,366,0x31d4
server,/home/cuian/projects/dcuz/server.c,366,0x31df
server,/home/cuian/projects/dcuz/server.c,368,0x31d2
server,/home/cuian/projects/dcuz/server.c,368,0x31e8
server,/home/cuian/projects/dcuz/server.c,37,0x26b9
server,/home/cuian/projects/dcuz/server.c,37,0x26c0
server,/home/cuian/projects/dcuz/server.c,37,0x26c6
server,/home/cuian/projects/dcuz/server.c,377,0x31eb
server,/home/cuian/projects/dcuz/server.c,378,0x31fb
server,/home/cuian/projects/dcuz/server.c,379,0x3206
server,/home/cuian/projects/dcuz/server.c,380,0x3217
server,/home/cuian/projects/dcuz/server.c,384,0x321a
server,/home/cuian/projects/dcuz/server.c,386,0x322d
server,/home/cuian/projects/dcuz/server.c,387,0x3238
server,/home/cuian/projects/dcuz/server.c,388,0x3266
server,/home/cuian/projects/dcuz/server.c,389,0x3272
server,/home/cuian/projects/dcuz/server.c,39,0x26ce
server,/home/cuian/projects/dcuz/server.c,39,0x26d2
server,/home/cuian/projects/dcuz/server.c,390,0x327d
server,/home/cuian/projects/dcuz/server.c,391,0x3293
server,/home/cuian/projects/dcuz/server.c,394,0x3296
server,/home/cuian/projects/dcuz/server.c,394,0x32b2
server,/home/cuian/projects/dcuz/server.c,40,0x26d9
server,/home/cuian/projects/dcuz/server.c,402,0x32c1
server,/home/cuian/projects/dcuz/server.c,403,0x32ca
server,/home/cuian/projects/dcuz/server.c,404,0x32d9
server,/home/cuian/projects/dcuz/server.c,406,0x32e3
server,/home/cuian/projects/dcuz/server.c,407,0x32f5
server,/home/cuian/projects/dcuz/server.c,407,0x3300
server,/home/cuian/projects/dcuz/server.c,407,0x330b
server,/home/cuian/projects/dcuz/server.c,41,0x26de
server,/home/cuian/projects/dcuz/server.c,410,0x3311
server,/home/cuian/projects/dcuz/server.c,413,0x3320
server,/home/cuian/projects/dcuz/server.c,414,0x3335
server,/home/cuian/projects/dcuz/server.c,415,0x333e
server,/home/cuian/projects/dcuz/server.c,416,0x336a
server,/home/cuian/projects/dcuz/server.c,420,0x336f
server,/home/cuian/projects/dcuz/server.c,421,0x3398
server,/home/cuian/projects/dcuz/server.c,422,0x3505
server,/home/cuian/projects/dcuz/server.c,426,0x33a5
server,/home/cuian/projects/dcuz/server.c,427,0x33c4
server,/home/cuian/projects/dcuz/server.c,428,0x33cd
server,/home/cuian/projects/dcuz/server.c,429,0x33f9
server,/home/cuian/projects/dcuz/server.c,431,0x33fe
server,/home/cuian/projects/dcuz/server.c,432,0x340c
server,/home/cuian/projects/dcuz/server.c,433,0x3430
server,/home/cuian/projects/dcuz/server.c,434,0x3439
server,/home/cuian/projects/dcuz/server.c,435,0x3465
server,/home/cuian/projects/dcuz/server.c,439,0x346a
server,/home/cuian/projects/dcuz/server.c,440,0x347f
server,/home/cuian/projects/dcuz/server.c,441,0x34ee
server,/home/cuian/projects/dcuz/server.c,445,0x3488
server,/home/cuian/projects/dcuz/server.c,446,0x34a2
server,/home/cuian/projects/dcuz/server.c,447,0x34ab
server,/home/cuian/projects/dcuz/server.c,450,0x34d7
server,/home/cuian/projects/dcuz/server.c,452,0x34e6
server,/home/cuian/projects/dcuz/server.c,455,0x34ef
server,/home/cuian/projects/dcuz/server.c,457,0x3506
server,/home/cuian/projects/dcuz/server.c,458,0x351a
server,/home/cuian/projects/dcuz/server.c,459,0x352e
server,/home/cuian/projects/dcuz/server.c,46,0x26e0
server,/home/cuian/projects/dcuz/server.c,461,0x353d
server,/home/cuian/projects/dcuz/server.c,462,0x3543
server,/home/cuian/projects/dcuz/server.c,47,0x26f9
server,/home/cuian/projects/dcuz/server.c,48,0x2705
server,/home/cuian/projects/dcuz/server.c,49,0x270f
server,/home/cuian/projects/dcuz/server.c,49,0x2719
server,/home/cuian/projects/dcuz/server.c,50,0x2720
server,/home/cuian/projects/dcuz/server.c,50,0x2727
server,/home/cuian/projects/dcuz/server.c,51,0x272c
server,/home/cuian/projects/dcuz/server.c,53,0x2733
server,/home/cuian/projects/dcuz/server.c,53,0x273a
server,/home/cuian/projects/dcuz/server.c,54,0x2742
server,/home/cuian/projects/dcuz/server.c,54,0x2749
server,/home/cuian/projects/dcuz/server.c,54,0x274d
server,/home/cuian/projects/dcuz/server.c,54,0x2754
server,/home/cuian/projects/dcuz/server.c,54,0x275c
server,/home/cuian/projects/dcuz/server.c,55,0x275f
server,/home/cuian/projects/dcuz/server.c,55,0x2766
server,/home/cuian/projects/dcuz/server.c,55,0x2769
server,/home/cuian/projects/dcuz/server.c,56,0x276e
server,/home/cuian/projects/dcuz/server.c,58,0x2775
server,/home/cuian/projects/dcuz/server.c,58,0x277c
server,/home/cuian/projects/dcuz/server.c,58,0x277f
server,/home/cuian/projects/dcuz/server.c,58,0x2786
server,/home/cuian/projects/dcuz/server.c,59,0x2789
server,/home/cuian/projects/dcuz/server.c,60,0x278e
server,/home/cuian/projects/dcuz/server.c,63,0x2794
server,/home/cuian/projects/dcuz/server.c,64,0x27a8
server,/home/cuian/projects/dcuz/server.c,65,0x27b4
server,/home/cuian/projects/dcuz/server.c,65,0x27bc
server,/home/cuian/projects/dcuz/server.c,66,0x27c2
server,/home/cuian/projects/dcuz/server.c,68,0x27c9
server,/home/cuian/projects/dcuz/server.c,68,0x27d0
server,/home/cuian/projects/dcuz/server.c,68,0x27d3
server,/home/cuian/projects/dcuz/server.c,69,0x27da
server,/home/cuian/projects/dcuz/server.c,70,0x27e9
server,/home/cuian/projects/dcuz/server.c,71,0x27ee
server,/home/cuian/projects/dcuz/server.c,74,0x27f0
server,/home/cuian/projects/dcuz/server.c,75,0x2800
server,/home/cuian/projects/dcuz/server.c,76,0x280e
server,/home/cuian/projects/dcuz/server.c,77,0x2815
server,/home/cuian/projects/dcuz/server.c,79,0x281c
server,/home/cuian/projects/dcuz/server.c,80,0x2827
server,/home/cuian/projects/dcuz/server.c,81,0x282f
server,/home/cuian/projects/dcuz/server.c,82,0x2839
server,/home/cuian/projects/dcuz/server.c,83,0x2845
server,/home/cuian/projects/dcuz/server.c,84,0x2854
server,/home/cuian/projects/dcuz/server.c,85,0x2863
server,/home/cuian/projects/dcuz/server.c,86,0x286f
server,/home/cuian/projects/dcuz/server.c,87,0x287e
server,/home/cuian/projects/dcuz/server.c,88,0x2883
server,/home/cuian/projects/dcuz/server.c,91,0x2885
server,/home/cuian/projects/dcuz/server.c,92,0x2895
server,/home/cuian/projects/dcuz/server.c,92,0x289d
server,/home/cuian/projects/dcuz/server.c,93,0x28a2
server,/home/cuian/projects/dcuz/server.c,95,0x28b2
